{"cameraMode":{"drawMode":0,"name":"Shaded","section":"Shading Mode"},"sceneLighting":false,"audioPlay":false,"sceneViewState":{"showFog":true,"showMaterialUpdate":false,"showSkybox":true,"showFlares":true,"showImageEffects":true,"showParticleSystems":true},"in2DMode":false,"pivot":{"x":90.54229736328125,"y":270.7256774902344,"z":0.0},"rotation":{"x":0.0034478420857340099,"y":0.9882420897483826,"z":-0.15118804574012757,"w":0.02253669872879982},"size":2.1852264404296877,"orthographic":false}